codigomuestra,parcela,usuariohab,fechacreacionhab,fechaenviohab,idodkhabitat,horainicio,horafinal,longitud,latitud,elevacion,precisioncoords,localidad,distanciaabasura,distanciaagua,distanciavias,actividadpersonas,actividadcebo1,actividadcebo2,actividadcebo3,actividadcebo4,fechacolecta,otroscolectores,observaciones,plantas,idparentalcolec,siglascolectores,idparentaltiposdecebo,tiposdecebo,idparentalcebosbajo,cebosbajo,idparentalcebossobre,cebossobre,idparentalcebosotrosele,cebosotrosele,usuarioident,fechacreacionident,fechaenvioident,idodkident,fechaidentificacion,identificadores,otrosidentificadores,idparentalidentificaciones,identificaciones,tipo,riqueza
20190928B3,p169,uid:bidelkiscastillo|2019-08-27T17:29:46.697501Z,2019-09-30T14:46:12Z,2019-09-30T14:46:12Z,uuid:e79c2058-523a-4d92-930d-369a7b785273,12.15 pm,1.00 pm,-69.9204433333,18.4590866667,21.3,2,Entrada del parqueo grande de la uasd,6a9,no hay a la vista,1a5,0,0,1a5,1a5,0,2019-09-28T00:00:00Z,NULL,"Llovio la noche anterior, hay pocas hormigas",Palma,uuid:e79c2058-523a-4d92-930d-369a7b785273,bacs,uuid:e79c2058-523a-4d92-930d-369a7b785273,atun_tuna,uuid:e79c2058-523a-4d92-930d-369a7b785273,despejado,uuid:e79c2058-523a-4d92-930d-369a7b785273,cemento_pavimento,uuid:e79c2058-523a-4d92-930d-369a7b785273,basura_restos_comida,uid:bidelkiscastillo|2019-08-27T17:29:46.697501Z,2019-10-16T21:56:49Z,2019-10-16T21:56:49Z,uuid:785b0a63-f3b9-4331-9839-69e578ca43be,2019-10-16,bacs,NULL,uuid:785b0a63-f3b9-4331-9839-69e578ca43be,"dorymyrmexsp,reina(s)","pavimentado, acerado (bordes edificios, bancos, postes)",1
20190928B4,p122,uid:bidelkiscastillo|2019-08-27T17:29:46.697501Z,2019-09-30T14:46:14Z,2019-09-30T14:46:14Z,uuid:289f1c57-1f65-4d36-9964-234789c7fecd,2.30 pm,3.40 pm,-69.9219083333,18.460445,26.9,1.7999999523,Area verde del parqueo de la Torre Administrativ,10omas,no hay a la vista,1a5,0,6a9,10omas,10omas,10omas,2019-09-28T00:00:00Z,NULL,NULL,Frambollan,uuid:289f1c57-1f65-4d36-9964-234789c7fecd,bacs,uuid:289f1c57-1f65-4d36-9964-234789c7fecd,atun_tuna,uuid:289f1c57-1f65-4d36-9964-234789c7fecd,despejado,uuid:289f1c57-1f65-4d36-9964-234789c7fecd,hierba,uuid:289f1c57-1f65-4d36-9964-234789c7fecd,"hojarasca,rocas,ramas_troncos",uid:bidelkiscastillo|2019-08-27T17:29:46.697501Z,2019-10-16T21:56:49Z,2019-10-16T21:56:49Z,uuid:a842255c-d3aa-4402-9448-6bcf8805d78f,2019-10-16,bacs,NULL,uuid:a842255c-d3aa-4402-9448-6bcf8805d78f,dorymyrmexsp,"suelo, herbáceas, no edificado ni cubierto",1
20191014B8,p160,uid:bidelkiscastillo|2019-08-27T17:29:46.697501Z,2019-10-14T21:35:52Z,2019-10-14T21:35:52Z,uuid:e404632a-e2df-4c90-9c21-7a87dcd3a4b9,1.55 pm,2.57 pm,-69.919555,18.4594816667,25.2,1.7999999523,Gramita del aula magna,1a5,1a5,1a5,1a5,1a5,6a9,1a5,10omas,2019-10-14T00:00:00Z,NULL,Muchas hormigas,"Palma, framboyan",uuid:e404632a-e2df-4c90-9c21-7a87dcd3a4b9,bacs,uuid:e404632a-e2df-4c90-9c21-7a87dcd3a4b9,atun_tuna,uuid:e404632a-e2df-4c90-9c21-7a87dcd3a4b9,despejado,uuid:e404632a-e2df-4c90-9c21-7a87dcd3a4b9,hierba,uuid:e404632a-e2df-4c90-9c21-7a87dcd3a4b9,"basura_restos_comida,hojarasca",uid:bidelkiscastillo|2019-08-27T17:29:46.697501Z,2019-10-16T21:56:50Z,2019-10-16T21:56:50Z,uuid:8fa8cc2e-e7a2-4714-a25c-6cf34428471d,2019-10-16,bacs,NULL,uuid:8fa8cc2e-e7a2-4714-a25c-6cf34428471d,dorymyrmexsp,"suelo, herbáceas, no edificado ni cubierto",1
20191014B10,p187,uid:bidelkiscastillo|2019-08-27T17:29:46.697501Z,2019-10-14T21:35:56Z,2019-10-14T21:35:56Z,uuid:5a21303c-833f-4045-b79a-f76c0b46da6e,4.45 pm,5.35 pm,-69.9189133333,18.4583466667,3.4,2.9000000954,Transportación,1a5,1a5,1a5,0,0,0,0,1a5,2019-10-14T00:00:00Z,NULL,Muchos vehículos,NULL,uuid:5a21303c-833f-4045-b79a-f76c0b46da6e,bacs,uuid:5a21303c-833f-4045-b79a-f76c0b46da6e,atun_tuna,uuid:5a21303c-833f-4045-b79a-f76c0b46da6e,despejado,uuid:5a21303c-833f-4045-b79a-f76c0b46da6e,cemento_pavimento,uuid:5a21303c-833f-4045-b79a-f76c0b46da6e,"basura_restos_comida,hojarasca",uid:bidelkiscastillo|2019-08-27T17:29:46.697501Z,2019-10-16T21:56:51Z,2019-10-16T21:56:51Z,uuid:fa052fb7-a738-46f6-8024-fe7965048321,2019-10-16,bacs,NULL,uuid:fa052fb7-a738-46f6-8024-fe7965048321,"dorymyrmexsp,paratrechinasp","pavimentado, acerado (bordes edificios, bancos, postes)",2
20191012B6,p53,uid:bidelkiscastillo|2019-08-27T17:29:46.697501Z,2019-10-14T17:40:08Z,2019-10-14T17:40:08Z,uuid:62196068-7285-49f8-8bd3-c2a324dd8c47,12.10 pm,1.05 pm,-69.9140966667,18.46294,29.2,2.7999999523,Cancha al lado del play,1a5,no hay a la vista,1a5,1a5,0,1a5,0,1a5,2019-10-12T00:00:00Z,NULL,Pocas hormigas en pavimento,Ni idea,uuid:62196068-7285-49f8-8bd3-c2a324dd8c47,bacs,uuid:62196068-7285-49f8-8bd3-c2a324dd8c47,atun_tuna,uuid:62196068-7285-49f8-8bd3-c2a324dd8c47,despejado,uuid:62196068-7285-49f8-8bd3-c2a324dd8c47,cemento_pavimento,uuid:62196068-7285-49f8-8bd3-c2a324dd8c47,"basura_restos_comida,hojarasca",uid:bidelkiscastillo|2019-08-27T17:29:46.697501Z,2019-10-16T21:56:50Z,2019-10-16T21:56:50Z,uuid:d55a1deb-60c5-4e1a-9326-1cbe00ba2982,2019-10-16,bacs,NULL,uuid:d55a1deb-60c5-4e1a-9326-1cbe00ba2982,"pseudomyrmexsp,solenopsissp","pavimentado, acerado (bordes edificios, bancos, postes)",2
20190927B1,p182,uid:bidelkiscastillo|2019-08-27T17:29:46.697501Z,2019-09-30T14:46:09Z,2019-09-30T14:46:09Z,uuid:d094f925-f821-48c3-b245-b2986aaff2a6,3.00 pm,4.15 pm,-69.918065,18.4588083333,20.8,3.5,Nueva Universidad,1a5,no hay a la vista,1a5,0,1a5,6a9,6a9,10omas,2019-09-27T00:00:00Z,Kesia,NULL,NULL,uuid:d094f925-f821-48c3-b245-b2986aaff2a6,"bacs,otras",uuid:d094f925-f821-48c3-b245-b2986aaff2a6,atun_tuna,uuid:d094f925-f821-48c3-b245-b2986aaff2a6,despejado,uuid:d094f925-f821-48c3-b245-b2986aaff2a6,hierba,uuid:d094f925-f821-48c3-b245-b2986aaff2a6,"basura_restos_comida,hojarasca",uid:bidelkiscastillo|2019-08-27T17:29:46.697501Z,2019-10-16T21:56:48Z,2019-10-16T21:56:48Z,uuid:40af017e-3e55-4ce0-bd96-2d37bf0adae4,2019-10-16,bacs,NULL,uuid:40af017e-3e55-4ce0-bd96-2d37bf0adae4,"dorymyrmexsp,pheidolesp","suelo, herbáceas, no edificado ni cubierto",2
20190928B2,p105,uid:bidelkiscastillo|2019-08-27T17:29:46.697501Z,2019-09-30T14:46:11Z,2019-09-30T14:46:11Z,uuid:e5aa0bd2-2a1d-4f65-91c3-e8c8fa9a1d52,10.30 am,11.20 am,-69.920485,18.4607933333,25.5,2,Esplanada de la Torre Administrativa,no hay a la vista,no hay a la vista,1a5,0,0,0,0,10omas,2019-09-28T00:00:00Z,Kesia,"Mucho sol, pocas hormigas",Palma,uuid:e5aa0bd2-2a1d-4f65-91c3-e8c8fa9a1d52,"bacs,otras",uuid:e5aa0bd2-2a1d-4f65-91c3-e8c8fa9a1d52,atun_tuna,uuid:e5aa0bd2-2a1d-4f65-91c3-e8c8fa9a1d52,despejado,uuid:e5aa0bd2-2a1d-4f65-91c3-e8c8fa9a1d52,cemento_pavimento,uuid:e5aa0bd2-2a1d-4f65-91c3-e8c8fa9a1d52,no_aplica,uid:bidelkiscastillo|2019-08-27T17:29:46.697501Z,2019-10-16T21:56:48Z,2019-10-16T21:56:48Z,uuid:90278726-0e67-4aff-91f5-657416443979,2019-10-16,bacs,NULL,uuid:90278726-0e67-4aff-91f5-657416443979,paratrechinasp,"pavimentado, acerado (bordes edificios, bancos, postes)",1
20191012B5,p17,uid:bidelkiscastillo|2019-08-27T17:29:46.697501Z,2019-10-14T17:40:07Z,2019-10-14T17:40:07Z,uuid:2b817f41-22c7-458e-84dd-3a5fd72cc15c,10.35 am,11.17 am,-69.9147083333,18.4639516667,20.5,1.6000000238,Area del play,1a5,no hay a la vista,6a9,1a5,0,0,0,10omas,2019-10-12T00:00:00Z,NULL,NULL,Mango,uuid:2b817f41-22c7-458e-84dd-3a5fd72cc15c,bacs,uuid:2b817f41-22c7-458e-84dd-3a5fd72cc15c,atun_tuna,uuid:2b817f41-22c7-458e-84dd-3a5fd72cc15c,despejado,uuid:2b817f41-22c7-458e-84dd-3a5fd72cc15c,"suelo_tierra,hierba",uuid:2b817f41-22c7-458e-84dd-3a5fd72cc15c,basura_restos_comida,uid:bidelkiscastillo|2019-08-27T17:29:46.697501Z,2019-10-16T21:56:49Z,2019-10-16T21:56:49Z,uuid:d185eb2c-b9ae-43f4-a72d-c55ce20cb82f,2019-10-16,bacs,NULL,uuid:d185eb2c-b9ae-43f4-a72d-c55ce20cb82f,solenopsissp,"suelo, herbáceas, no edificado ni cubierto",1
20192210B11,p126,uid:bidelkiscastillo|2019-08-27T17:29:46.697501Z,2019-10-22T15:42:28Z,2019-10-22T15:42:28Z,uuid:a3af6162-afaa-4508-be4f-de5839336310,11.00 am,11.41 am,-69.9201483333,18.4604383333,19,2.0999999046,Parqueo Aula Magna,no hay a la vista,no hay a la vista,1a5,6a9,0,0,0,0,2019-10-22T00:00:00Z,NULL,"Cero hormigas, no fueron al cebo, pero en la misma parcela encontre algunas y las recolecte.","Framboyan, palma, flores",uuid:a3af6162-afaa-4508-be4f-de5839336310,bacs,uuid:a3af6162-afaa-4508-be4f-de5839336310,azucar,uuid:a3af6162-afaa-4508-be4f-de5839336310,despejado,uuid:a3af6162-afaa-4508-be4f-de5839336310,cemento_pavimento,uuid:a3af6162-afaa-4508-be4f-de5839336310,no_aplica,NA,NA,NA,NA,NA,NA,NA,NA,NA,"pavimentado, acerado (bordes edificios, bancos, postes)",NA
20191014B9,p78,uid:bidelkiscastillo|2019-08-27T17:29:46.697501Z,2019-10-14T21:35:54Z,2019-10-14T21:35:54Z,uuid:00923795-f035-4fbe-b309-b263fd110e0a,3.17 pm,4.10 pm,-69.91555,18.4618216667,23.6,1.7999999523,Calle de Ingenieria y Medicina,1a5,no hay a la vista,1a5,6a9,0,1a5,0,1a5,2019-10-14T00:00:00Z,NULL,NULL,"Framboyan, caoba",uuid:00923795-f035-4fbe-b309-b263fd110e0a,bacs,uuid:00923795-f035-4fbe-b309-b263fd110e0a,atun_tuna,uuid:00923795-f035-4fbe-b309-b263fd110e0a,despejado,uuid:00923795-f035-4fbe-b309-b263fd110e0a,cemento_pavimento,uuid:00923795-f035-4fbe-b309-b263fd110e0a,basura_restos_comida,uid:bidelkiscastillo|2019-08-27T17:29:46.697501Z,2019-10-16T21:56:50Z,2019-10-16T21:56:50Z,uuid:09ddaca1-4aa4-4f5a-a41b-71db57295ae0,2019-10-16,bacs,NULL,uuid:09ddaca1-4aa4-4f5a-a41b-71db57295ae0,dorymyrmexsp,"pavimentado, acerado (bordes edificios, bancos, postes)",1
20191012B7,p39,uid:bidelkiscastillo|2019-08-27T17:29:46.697501Z,2019-10-14T17:40:09Z,2019-10-14T17:40:09Z,uuid:c968efa7-8a4e-42f1-a56c-4ef053e2185a,1.30 pm,2.15 pm,-69.9144283333,18.4632383333,10.3,1.7000000477,Play,1a5,no hay a la vista,10omas,0,1a5,0,1a5,0,2019-10-12T00:00:00Z,NULL,NULL,NULL,uuid:c968efa7-8a4e-42f1-a56c-4ef053e2185a,bacs,uuid:c968efa7-8a4e-42f1-a56c-4ef053e2185a,atun_tuna,uuid:c968efa7-8a4e-42f1-a56c-4ef053e2185a,despejado,uuid:c968efa7-8a4e-42f1-a56c-4ef053e2185a,"suelo_tierra,hierba",uuid:c968efa7-8a4e-42f1-a56c-4ef053e2185a,basura_restos_comida,uid:bidelkiscastillo|2019-08-27T17:29:46.697501Z,2019-10-16T21:56:50Z,2019-10-16T21:56:50Z,uuid:ae8af103-6943-4865-97d2-754edf99897b,2019-10-16,bacs,NULL,uuid:ae8af103-6943-4865-97d2-754edf99897b,dorymyrmexsp,"suelo, herbáceas, no edificado ni cubierto",1
20190927M01,p182,uid:emdilone|2019-08-29T15:45:41.211906Z,2019-09-27T22:25:36Z,2019-09-27T22:25:36Z,uuid:d2dd26fb-0b6a-4cd9-a37d-61bb2ea7d806,4.47 pm,6.15 pm,-69.91793128,18.45873469,-18.8300476074,3.2160000801,NU,10omas,no hay a la vista,1a5,0,10omas,6a9,10omas,10omas,2019-09-27T00:00:00Z,NULL,NULL,NULL,uuid:d2dd26fb-0b6a-4cd9-a37d-61bb2ea7d806,emdr,uuid:d2dd26fb-0b6a-4cd9-a37d-61bb2ea7d806,atun_tuna,uuid:d2dd26fb-0b6a-4cd9-a37d-61bb2ea7d806,despejado,uuid:d2dd26fb-0b6a-4cd9-a37d-61bb2ea7d806,hierba,uuid:d2dd26fb-0b6a-4cd9-a37d-61bb2ea7d806,"hojarasca,basura_restos_comida",uid:emdilone|2019-08-29T15:45:41.211906Z,2019-10-17T18:43:26Z,2019-10-17T18:43:26Z,uuid:adb97e47-01f7-4c47-bfb0-1f9c0105fdda,2019-10-17,emdr,NULL,uuid:adb97e47-01f7-4c47-bfb0-1f9c0105fdda,"dorymyrmexsp,monomoriumsp,pheidolesp","suelo, herbáceas, no edificado ni cubierto",3
20191014M06,p171,uid:emdilone|2019-08-29T15:45:41.211906Z,2019-10-15T16:19:59Z,2019-10-15T16:19:59Z,uuid:50ce493e-b74c-46d0-b383-afc8039d0661,2.03 pm,3.04 pm,-69.91941234,18.45928399,-18.6879577637,3.2160000801,Aula magna,1a5,no hay a la vista,1a5,0,10omas,10omas,10omas,10omas,2019-10-14T00:00:00Z,NULL,5 personas sentadas cerca,"Framboyan, pino, palma",uuid:50ce493e-b74c-46d0-b383-afc8039d0661,emdr,uuid:50ce493e-b74c-46d0-b383-afc8039d0661,atun_tuna,uuid:50ce493e-b74c-46d0-b383-afc8039d0661,despejado,uuid:50ce493e-b74c-46d0-b383-afc8039d0661,hierba,uuid:50ce493e-b74c-46d0-b383-afc8039d0661,hojarasca,uid:emdilone|2019-08-29T15:45:41.211906Z,2019-10-31T17:06:51Z,2019-10-31T17:06:51Z,uuid:af1bf522-b86e-4a86-891c-3b41ae1c4c5a,2019-10-24,emdr,NULL,uuid:af1bf522-b86e-4a86-891c-3b41ae1c4c5a,"brachymyrmexsp,dorymyrmexsp,solenopsissp","suelo, herbáceas, no edificado ni cubierto",3
20191025M10,p33,uid:emdilone|2019-08-29T15:45:41.211906Z,2019-10-31T17:06:55Z,2019-10-31T17:06:55Z,uuid:7ed5bd55-9c29-49e6-ba6d-3228afcf5c16,11.43 am,12.51 pm,-69.91731412,18.46323244,-15.7388916016,3.2160000801,Frente al comedor,10omas,no hay a la vista,1a5,0,10omas,10omas,10omas,10omas,2019-10-25T00:00:00Z,NULL,1 cebo sin hormigas,NULL,uuid:7ed5bd55-9c29-49e6-ba6d-3228afcf5c16,emdr,uuid:7ed5bd55-9c29-49e6-ba6d-3228afcf5c16,atun_tuna,uuid:7ed5bd55-9c29-49e6-ba6d-3228afcf5c16,dosel,uuid:7ed5bd55-9c29-49e6-ba6d-3228afcf5c16,"suelo_tierra,hierba",uuid:7ed5bd55-9c29-49e6-ba6d-3228afcf5c16,"hojarasca,ramas_troncos",uid:emdilone|2019-08-29T15:45:41.211906Z,2019-10-31T17:06:55Z,2019-10-31T17:06:55Z,uuid:bdf1381b-e75b-4ea7-b5dd-ecd2a5434bfe,2019-10-25,emdr,NULL,uuid:bdf1381b-e75b-4ea7-b5dd-ecd2a5434bfe,"brachymyrmexsp,cardiocondylasp,dorymyrmexsp,pheidolesp,solenopsissp,wasmanniasp",dosel,6
20191024M08,p134,uid:emdilone|2019-08-29T15:45:41.211906Z,2019-10-31T17:06:53Z,2019-10-31T17:06:53Z,uuid:8c39c9f3-abdb-4d09-beac-c328133d4ad2,11.24 am,12.51 pm,-69.91624497,18.4604064,-17.9768066406,3.2160000801,Frente a parqueos registro,10omas,no hay a la vista,1a5,0,10omas,10omas,10omas,10omas,2019-10-24T00:00:00Z,NULL,15 personas cruzaron por el cebo,Palma,uuid:8c39c9f3-abdb-4d09-beac-c328133d4ad2,emdr,uuid:8c39c9f3-abdb-4d09-beac-c328133d4ad2,atun_tuna,uuid:8c39c9f3-abdb-4d09-beac-c328133d4ad2,dosel,uuid:8c39c9f3-abdb-4d09-beac-c328133d4ad2,"hierba,suelo_tierra",uuid:8c39c9f3-abdb-4d09-beac-c328133d4ad2,hojarasca,uid:emdilone|2019-08-29T15:45:41.211906Z,2019-10-31T17:06:57Z,2019-10-31T17:06:57Z,uuid:d150b6e8-f225-46e2-b14f-29ac48c9f4a2,2019-10-31,emdr,NULL,uuid:d150b6e8-f225-46e2-b14f-29ac48c9f4a2,"brachymyrmexsp,cardiocondylasp,pheidolesp,solenopsissp",dosel,4
20191026M11,p132,uid:emdilone|2019-08-29T15:45:41.211906Z,2019-10-31T17:06:57Z,2019-10-31T17:06:57Z,uuid:a58007e5-90b1-429a-8cdd-362e453e891f,3.35 pm,4.56 pm,-69.91712875,18.46025948,-30.0837402344,3.2160000801,Embajadas,1a5,no hay a la vista,1a5,0,10omas,10omas,10omas,10omas,2019-10-26T00:00:00Z,NULL,NULL,Nin,uuid:a58007e5-90b1-429a-8cdd-362e453e891f,emdr,uuid:a58007e5-90b1-429a-8cdd-362e453e891f,atun_tuna,uuid:a58007e5-90b1-429a-8cdd-362e453e891f,dosel,uuid:a58007e5-90b1-429a-8cdd-362e453e891f,suelo_tierra,uuid:a58007e5-90b1-429a-8cdd-362e453e891f,"hojarasca,basura_restos_comida,ramas_troncos",uid:emdilone|2019-08-29T15:45:41.211906Z,2019-10-31T17:06:57Z,2019-10-31T17:06:57Z,uuid:85e1eea9-73b5-4b9c-ba52-b2c10af6ad57,2019-10-31,emdr,NULL,uuid:85e1eea9-73b5-4b9c-ba52-b2c10af6ad57,"dorymyrmexsp,pheidolesp,pseudomyrmexsp,solenopsissp,tetramoriumsp",dosel,5
20191013M05,p107,uid:emdilone|2019-08-29T15:45:41.211906Z,2019-10-13T23:13:29Z,2019-10-13T23:13:29Z,uuid:81d563f9-38cc-42d0-9c51-e456a41d3094,4.14 pm,5.29 pm,-69.91926209,18.46097675,-24.6130981445,3.2160000801,Aula Magna,10omas,no hay a la vista,1a5,0,6a9,1a5,0,1a5,2019-10-13T00:00:00Z,NULL,4 cebos sin hormigas,Mango,uuid:81d563f9-38cc-42d0-9c51-e456a41d3094,emdr,uuid:81d563f9-38cc-42d0-9c51-e456a41d3094,atun_tuna,uuid:81d563f9-38cc-42d0-9c51-e456a41d3094,despejado,uuid:81d563f9-38cc-42d0-9c51-e456a41d3094,hierba,uuid:81d563f9-38cc-42d0-9c51-e456a41d3094,hojarasca,uid:emdilone|2019-08-29T15:45:41.211906Z,2019-10-31T17:06:51Z,2019-10-31T17:06:51Z,uuid:ec5c6c19-982b-4b12-89eb-b44e24789ec7,2019-10-18,emdr,NULL,uuid:ec5c6c19-982b-4b12-89eb-b44e24789ec7,"cardiocondylasp,dorymyrmexsp,pheidolesp,solenopsissp","suelo, herbáceas, no edificado ni cubierto",4
20191013M04,p24,uid:emdilone|2019-08-29T15:45:41.211906Z,2019-10-13T23:13:27Z,2019-10-13T23:13:27Z,uuid:cc13072f-d715-42b6-9212-47f4cf8a0def,3.03 pm,5.57 pm,-69.91622376,18.46371792,2.6891174316,3.2160000801,Humanidades,1a5,no hay a la vista,1a5,0,10omas,10omas,10omas,10omas,2019-10-13T00:00:00Z,NULL,NULL,Almendra,uuid:cc13072f-d715-42b6-9212-47f4cf8a0def,emdr,uuid:cc13072f-d715-42b6-9212-47f4cf8a0def,atun_tuna,uuid:cc13072f-d715-42b6-9212-47f4cf8a0def,dosel,uuid:cc13072f-d715-42b6-9212-47f4cf8a0def,no_aplica,uuid:cc13072f-d715-42b6-9212-47f4cf8a0def,"hojarasca,rocas",uid:emdilone|2019-08-29T15:45:41.211906Z,2019-10-31T17:06:50Z,2019-10-31T17:06:50Z,uuid:8cd37d88-618e-4158-a8fc-f815d65aac47,2019-10-18,emdr,NULL,uuid:8cd37d88-618e-4158-a8fc-f815d65aac47,"brachymyrmexsp,cardiocondylasp,dorymyrmexsp,paratrechinasp,pheidolesp,tetramoriumsp",dosel,6
20191012M02,p16,uid:emdilone|2019-08-29T15:45:41.211906Z,2019-10-13T23:13:21Z,2019-10-13T23:13:21Z,uuid:6bbeae32-9c80-4d46-bb11-a28ced1cefc4,10.28 am,11.38 am,-69.91503429,18.46405854,-17.575958252,3.2160000801,Area del play,10omas,no_aplica,1a5,1a5,1a5,10omas,0,1a5,2019-10-12T00:00:00Z,NULL,NULL,"Mango, coco",uuid:6bbeae32-9c80-4d46-bb11-a28ced1cefc4,emdr,uuid:6bbeae32-9c80-4d46-bb11-a28ced1cefc4,atun_tuna,uuid:6bbeae32-9c80-4d46-bb11-a28ced1cefc4,despejado,uuid:6bbeae32-9c80-4d46-bb11-a28ced1cefc4,hierba,uuid:6bbeae32-9c80-4d46-bb11-a28ced1cefc4,no_aplica,uid:emdilone|2019-08-29T15:45:41.211906Z,2019-10-31T17:06:50Z,2019-10-31T17:06:50Z,uuid:2c59d217-6cf7-4ba0-a237-4e0b8ddf99a5,2019-10-18,emdr,NULL,uuid:2c59d217-6cf7-4ba0-a237-4e0b8ddf99a5,"brachymyrmexsp,dorymyrmexsp","suelo, herbáceas, no edificado ni cubierto",2
20191014M07,p97,uid:emdilone|2019-08-29T15:45:41.211906Z,2019-10-15T16:20:02Z,2019-10-15T16:20:02Z,uuid:73b3cc49-ae1b-4300-b36f-5aa9aa80c2f7,3.40 pm,4.51 pm,-69.91517228,18.46145875,-24.2993469238,3.2160000801,Medicina,1a5,no hay a la vista,1a5,no_aplica,10omas,10omas,6a9,10omas,2019-10-14T00:00:00Z,NULL,"3 personas pasaron por el area de la muestra, en los alrededores habia unas 20 personas","Pino, framboyan",uuid:73b3cc49-ae1b-4300-b36f-5aa9aa80c2f7,emdr,uuid:73b3cc49-ae1b-4300-b36f-5aa9aa80c2f7,atun_tuna,uuid:73b3cc49-ae1b-4300-b36f-5aa9aa80c2f7,dosel,uuid:73b3cc49-ae1b-4300-b36f-5aa9aa80c2f7,hierba,uuid:73b3cc49-ae1b-4300-b36f-5aa9aa80c2f7,hojarasca,uid:emdilone|2019-08-29T15:45:41.211906Z,2019-10-17T16:26:45Z,2019-10-17T16:26:45Z,uuid:75625987-c772-4c24-bd53-e7bdd23a6638,2019-10-17,emdr,NULL,uuid:75625987-c772-4c24-bd53-e7bdd23a6638,"brachymyrmexsp,monomoriumsp,pheidolesp",dosel,3
20191012M03,p40,uid:emdilone|2019-08-29T15:45:41.211906Z,2019-10-13T23:13:24Z,2019-10-13T23:13:24Z,uuid:f1190b96-e188-4168-bc6c-94f144aa5070,12.06 pm,12.57 pm,-69.91419551,18.46330502,-13.9492492676,3.2160000801,Area del play,6a9,no hay a la vista,1a5,0,0,0,10omas,0,2019-10-12T00:00:00Z,NULL,"Solo 3 de las 16 tenía hormigas, pero estas tenian gran cantidad.",NULL,uuid:f1190b96-e188-4168-bc6c-94f144aa5070,emdr,uuid:f1190b96-e188-4168-bc6c-94f144aa5070,atun_tuna,uuid:f1190b96-e188-4168-bc6c-94f144aa5070,despejado,uuid:f1190b96-e188-4168-bc6c-94f144aa5070,hierba,uuid:f1190b96-e188-4168-bc6c-94f144aa5070,basura_restos_comida,uid:emdilone|2019-08-29T15:45:41.211906Z,2019-10-31T17:06:50Z,2019-10-31T17:06:50Z,uuid:98a2c2b9-30be-44af-b688-7d4c4b91a847,2019-10-18,emdr,NULL,uuid:98a2c2b9-30be-44af-b688-7d4c4b91a847,solenopsissp,"suelo, herbáceas, no edificado ni cubierto",1
20191025M09,p42,uid:emdilone|2019-08-29T15:45:41.211906Z,2019-10-31T17:06:54Z,2019-10-31T17:06:54Z,uuid:c40aa415-7ebc-4b65-8bb0-687e8c84fbad,10.14 am,11.32 am,-69.91932652,18.46302421,-3.1176452637,3.2160000801,Embajadas de arte,10omas,no hay a la vista,6a9,0,10omas,10omas,10omas,10omas,2019-10-25T00:00:00Z,NULL,NULL,NULL,uuid:c40aa415-7ebc-4b65-8bb0-687e8c84fbad,emdr,uuid:c40aa415-7ebc-4b65-8bb0-687e8c84fbad,atun_tuna,uuid:c40aa415-7ebc-4b65-8bb0-687e8c84fbad,despejado,uuid:c40aa415-7ebc-4b65-8bb0-687e8c84fbad,"hierba,suelo_tierra",uuid:c40aa415-7ebc-4b65-8bb0-687e8c84fbad,"hojarasca,ramas_troncos,rocas,basura_restos_comida",uid:emdilone|2019-08-29T15:45:41.211906Z,2019-10-31T17:06:56Z,2019-10-31T17:06:56Z,uuid:3655a453-308d-4abb-aa44-795d5a1d6427,2019-10-31,emdr,NULL,uuid:3655a453-308d-4abb-aa44-795d5a1d6427,"brachymyrmexsp,dorymyrmexsp,paratrechinasp,solenopsissp","suelo, herbáceas, no edificado ni cubierto",4
H20191012m7,p88,uid:jorge-mutonen|2019-08-27T17:32:44.138229Z,2019-10-15T15:42:23Z,2019-10-15T15:42:23Z,uuid:c479fa66-dc2c-464a-9909-4583d94a5d64,11.06 am,12.06 pm,-69.91936761,18.46168501,-1,15.1700000763,Frente ciencias económicas y sociales,10omas,no hay a la vista,1a5,10omas,0,10omas,1a5,1a5,2019-10-12T00:00:00Z,NULL,NULL,NULL,uuid:c479fa66-dc2c-464a-9909-4583d94a5d64,jdmp,uuid:c479fa66-dc2c-464a-9909-4583d94a5d64,"atun_tuna,aceite",uuid:c479fa66-dc2c-464a-9909-4583d94a5d64,dosel,uuid:c479fa66-dc2c-464a-9909-4583d94a5d64,hierba,uuid:c479fa66-dc2c-464a-9909-4583d94a5d64,no_aplica,uid:jorge-mutonen|2019-08-27T17:32:44.138229Z,2019-11-19T16:16:23Z,2019-11-19T16:16:23Z,uuid:15a054ec-6ddb-40bc-a9d1-68f9686914cb,2019-11-12,"jdmp,otra",Dijael,uuid:15a054ec-6ddb-40bc-a9d1-68f9686914cb,"brachymyrmexsp,dorymyrmexantillana,pheidolesubarmata,solenopsisgeminata",dosel,4
H20190929m5,p49,uid:jorge-mutonen|2019-08-27T17:32:44.138229Z,2019-10-15T15:42:18Z,2019-10-15T15:42:18Z,uuid:f2124428-9511-4bcf-94ee-33c39ea14957,2.25 pm,3.44 pm,-69.91581529,18.46276661,4,24.2719993591,NULL,10omas,no hay a la vista,1a5,6a9,10omas,10omas,10omas,6a9,2019-09-29T00:00:00Z,NULL,NULL,NULL,uuid:f2124428-9511-4bcf-94ee-33c39ea14957,jdmp,uuid:f2124428-9511-4bcf-94ee-33c39ea14957,atun_tuna,uuid:f2124428-9511-4bcf-94ee-33c39ea14957,dosel,uuid:f2124428-9511-4bcf-94ee-33c39ea14957,"cemento_pavimento,hierba",uuid:f2124428-9511-4bcf-94ee-33c39ea14957,"ramas_troncos,hojarasca",uid:jorge-mutonen|2019-08-27T17:32:44.138229Z,2019-11-19T16:16:22Z,2019-11-19T16:16:22Z,uuid:93fe5a1e-1ce9-4d12-a51a-3854796f66ce,2019-11-07,"jdmp,otra",Dijael,uuid:93fe5a1e-1ce9-4d12-a51a-3854796f66ce,"dorymyrmexantillana,solenopsisgeminata",dosel,2
H20190929m6,p54,uid:jorge-mutonen|2019-08-27T17:32:44.138229Z,2019-10-15T15:42:21Z,2019-10-15T15:42:21Z,uuid:ba5fea68-afe4-4dd3-ba20-6c4c6d418c02,5.47 pm,6.42 pm,-69.91340053,18.46264322,-31,13.6529998779,Bienestar estudiantil,1a5,no hay a la vista,1a5,1a5,1a5,10omas,1a5,10omas,2019-09-29T00:00:00Z,NULL,NULL,"Pata de vaca, noni",uuid:ba5fea68-afe4-4dd3-ba20-6c4c6d418c02,jdmp,uuid:ba5fea68-afe4-4dd3-ba20-6c4c6d418c02,atun_tuna,uuid:ba5fea68-afe4-4dd3-ba20-6c4c6d418c02,dosel,uuid:ba5fea68-afe4-4dd3-ba20-6c4c6d418c02,"hierba,cemento_pavimento",uuid:ba5fea68-afe4-4dd3-ba20-6c4c6d418c02,"hojarasca,basura_restos_comida,ramas_troncos",uid:jorge-mutonen|2019-08-27T17:32:44.138229Z,2019-11-19T16:16:21Z,2019-11-19T16:16:21Z,uuid:30afc9a5-53d7-4b5d-9ec9-b9cca2899535,2019-11-07,"jdmp,otra",Dijael,uuid:30afc9a5-53d7-4b5d-9ec9-b9cca2899535,"brachymyrmexsp,dorymyrmexantillana,odontomachusbauri,pheidolesubarmata",dosel,4
H20190928m3,p25,uid:jorge-mutonen|2019-08-27T17:32:44.138229Z,2019-10-15T15:42:13Z,2019-10-15T15:42:13Z,uuid:14144fd8-be71-4ebf-b1a0-c4a7309b2145,9.20 am,10.34 am,-69.91553849,18.46336217,-9,13.6529998779,Campo de béisbol UASD,no hay a la vista,no hay a la vista,1a5,0,1a5,10omas,10omas,6a9,2019-09-29T00:00:00Z,NULL,Se reúnen más rápido en suelo desnudo,NULL,uuid:14144fd8-be71-4ebf-b1a0-c4a7309b2145,jdmp,uuid:14144fd8-be71-4ebf-b1a0-c4a7309b2145,atun_tuna,uuid:14144fd8-be71-4ebf-b1a0-c4a7309b2145,despejado,uuid:14144fd8-be71-4ebf-b1a0-c4a7309b2145,hierba,uuid:14144fd8-be71-4ebf-b1a0-c4a7309b2145,no_aplica,uid:jorge-mutonen|2019-08-27T17:32:44.138229Z,2019-11-19T16:16:23Z,2019-11-19T16:16:23Z,uuid:889fa4e3-2bc3-4fef-9906-905e5aa247f8,2019-11-07,"jdmp,otra",Dijael,uuid:889fa4e3-2bc3-4fef-9906-905e5aa247f8,"brachymyrmexsp,dorymyrmexantillana,pheidolejelskii,solenopsisgeminata","suelo, herbáceas, no edificado ni cubierto",4
H20191013m10,p182,uid:jorge-mutonen|2019-08-27T17:32:44.138229Z,2019-10-15T15:42:30Z,2019-10-15T15:42:30Z,uuid:42324205-a927-418e-b3be-0a5dcebcda35,11.11 am,12.08 pm,-69.91822678,18.45860336,-17,18.2039985657,Detrás de NU,no hay a la vista,no hay a la vista,1a5,0,0,6a9,10omas,6a9,2019-10-13T00:00:00Z,NULL,NULL,NULL,uuid:42324205-a927-418e-b3be-0a5dcebcda35,"jdmp,mlt",uuid:42324205-a927-418e-b3be-0a5dcebcda35,"atun_tuna,aceite",uuid:42324205-a927-418e-b3be-0a5dcebcda35,despejado,uuid:42324205-a927-418e-b3be-0a5dcebcda35,hierba,uuid:42324205-a927-418e-b3be-0a5dcebcda35,no_aplica,uid:jorge-mutonen|2019-08-27T17:32:44.138229Z,2019-11-19T16:16:21Z,2019-11-19T16:16:21Z,uuid:c2fa1ce8-ff4f-4371-9702-b1f18d3dc668,2019-11-07,"jdmp,otra",Dijael,uuid:c2fa1ce8-ff4f-4371-9702-b1f18d3dc668,"dorymyrmexantillana,pheidolesubarmata,solenopsisgeminata","suelo, herbáceas, no edificado ni cubierto",3
H20190926m1,p28,uid:jorge-mutonen|2019-08-27T17:32:44.138229Z,2019-10-15T15:42:09Z,2019-10-15T15:42:09Z,uuid:2da30a19-1c4d-45d8-843b-326a0c0e38d7,6.03 pm,7.27 pm,-69.91463817,18.46386139,-19,13.6529998779,Estadio universitario de softball,no_aplica,no hay a la vista,1a5,1a5,10omas,10omas,10omas,10omas,2019-09-26T00:00:00Z,NULL,Grama rodeada de tierra desnuda,NULL,uuid:2da30a19-1c4d-45d8-843b-326a0c0e38d7,"jdmp,otras",uuid:2da30a19-1c4d-45d8-843b-326a0c0e38d7,"atun_tuna,aceite",uuid:2da30a19-1c4d-45d8-843b-326a0c0e38d7,no_aplica,uuid:2da30a19-1c4d-45d8-843b-326a0c0e38d7,hierba,uuid:2da30a19-1c4d-45d8-843b-326a0c0e38d7,no_aplica,uid:jorge-mutonen|2019-08-27T17:32:44.138229Z,2019-11-19T16:16:23Z,2019-11-19T16:16:23Z,uuid:a3359016-524b-4ed2-9cff-dee2b05623da,2019-11-12,"jdmp,otra",Dijael,uuid:a3359016-524b-4ed2-9cff-dee2b05623da,"brachymyrmexsp,pheidolejelskii,solenopsisgeminata","suelo, herbáceas, no edificado ni cubierto",3
H20190929m4,p44,uid:jorge-mutonen|2019-08-27T17:32:44.138229Z,2019-10-15T15:42:16Z,2019-10-15T15:42:16Z,uuid:c3b96761-28ef-4423-983b-e12204ac7810,11.36 am,12.58 pm,-69.91850888,18.46299621,-15,7.5850000381,Parque frente sismologico,6a9,no hay a la vista,10omas,0,10omas,10omas,10omas,10omas,2019-09-29T00:00:00Z,NULL,NULL,NULL,uuid:c3b96761-28ef-4423-983b-e12204ac7810,jdmp,uuid:c3b96761-28ef-4423-983b-e12204ac7810,atun_tuna,uuid:c3b96761-28ef-4423-983b-e12204ac7810,"dosel,despejado",uuid:c3b96761-28ef-4423-983b-e12204ac7810,"suelo_tierra,hierba",uuid:c3b96761-28ef-4423-983b-e12204ac7810,"hojarasca,ramas_troncos,rocas",uid:jorge-mutonen|2019-08-27T17:32:44.138229Z,2019-11-19T16:16:22Z,2019-11-19T16:16:22Z,uuid:82f6867b-3277-4ed6-aa56-c18581864fe6,2019-11-07,"jdmp,otra",Dijael,uuid:82f6867b-3277-4ed6-aa56-c18581864fe6,"dorymyrmexantillana,paratrechinalongicornis,pheidolesubarmata,solenopsisgeminata",dosel,4
H20190927,p64,uid:jorge-mutonen|2019-08-27T17:32:44.138229Z,2019-10-15T15:42:11Z,2019-10-15T15:42:11Z,uuid:3c595780-a757-4256-bc17-99aa9be05711,6.19 pm,7.47 pm,-69.91501619,18.46239868,-12,6.0679998398,Entre de voleyball y de soccer,10omas,no hay a la vista,1a5,1a5,10omas,10omas,10omas,10omas,2019-09-27T00:00:00Z,"Freddy, Pablo",NULL,NULL,uuid:3c595780-a757-4256-bc17-99aa9be05711,"jdmp,otras",uuid:3c595780-a757-4256-bc17-99aa9be05711,atun_tuna,uuid:3c595780-a757-4256-bc17-99aa9be05711,despejado,uuid:3c595780-a757-4256-bc17-99aa9be05711,hierba,uuid:3c595780-a757-4256-bc17-99aa9be05711,basura_restos_comida,uid:jorge-mutonen|2019-08-27T17:32:44.138229Z,2019-11-19T16:16:22Z,2019-11-19T16:16:22Z,uuid:fbffa2be-464b-4da7-bfd3-00b477ab838b,2019-11-07,"jdmp,otra",Dijael,uuid:fbffa2be-464b-4da7-bfd3-00b477ab838b,"dorymyrmexantillana,solenopsisgeminata","suelo, herbáceas, no edificado ni cubierto",2
H20191013m11,p135,uid:jorge-mutonen|2019-08-27T17:32:44.138229Z,2019-10-15T18:07:32Z,2019-10-15T18:07:32Z,uuid:e3b900c7-c69a-4469-b9e5-900e0ac4c773,1.17 pm,2.10 pm,-69.9153785035,18.4603159493,0,0,Frente a registro,6a9,no hay a la vista,1a5,0,0,6a9,10omas,10omas,2019-10-13T00:00:00Z,NULL,Una parte del suelo fue removido recientemente.,NULL,uuid:e3b900c7-c69a-4469-b9e5-900e0ac4c773,jdmp,uuid:e3b900c7-c69a-4469-b9e5-900e0ac4c773,"atun_tuna,aceite",uuid:e3b900c7-c69a-4469-b9e5-900e0ac4c773,dosel,uuid:e3b900c7-c69a-4469-b9e5-900e0ac4c773,"hierba,suelo_tierra",uuid:e3b900c7-c69a-4469-b9e5-900e0ac4c773,"hojarasca,ramas_troncos",uid:jorge-mutonen|2019-08-27T17:32:44.138229Z,2019-11-19T16:00:40Z,2019-11-19T16:00:40Z,uuid:a12fd142-23bf-4f84-bfce-3e0ec6cb61e6,2019-11-07,"jdmp,otra",Dijael,uuid:a12fd142-23bf-4f84-bfce-3e0ec6cb61e6,"brachymyrmexsp,dorymyrmexantillana,pheidolesubarmata",dosel,3
H20191012m8,p41,uid:jorge-mutonen|2019-08-27T17:32:44.138229Z,2019-10-15T15:42:25Z,2019-10-15T15:42:25Z,uuid:a0b16198-dfe0-4e73-8dd2-547ff68100fc,4.46 pm,5.31 pm,-69.9136985,18.4630539,-20,6.0679998398,Play frente a bienestar estudiantil,10omas,no hay a la vista,1a5,6a9,6a9,6a9,1a5,10omas,2019-10-12T00:00:00Z,NULL,Tierra muy dura.,NULL,uuid:a0b16198-dfe0-4e73-8dd2-547ff68100fc,"jdmp,mlt",uuid:a0b16198-dfe0-4e73-8dd2-547ff68100fc,"atun_tuna,aceite",uuid:a0b16198-dfe0-4e73-8dd2-547ff68100fc,despejado,uuid:a0b16198-dfe0-4e73-8dd2-547ff68100fc,hierba,uuid:a0b16198-dfe0-4e73-8dd2-547ff68100fc,no_aplica,uid:jorge-mutonen|2019-08-27T17:32:44.138229Z,2019-11-24T16:57:15Z,2019-11-24T16:57:15Z,uuid:a141d4d8-1bd4-4d33-bf5f-e77f609ba7aa,2019-11-22,"jdmp,otra","Dijael, Freddy, Jesús",uuid:a141d4d8-1bd4-4d33-bf5f-e77f609ba7aa,solenopsisgeminata,"suelo, herbáceas, no edificado ni cubierto",1
H20191012m9,p158,uid:jorge-mutonen|2019-08-27T17:32:44.138229Z,2019-10-15T15:42:28Z,2019-10-15T15:42:28Z,uuid:66ecfb29-74a7-4a43-8825-dfa961205edd,5.59 pm,6.57 pm,-69.92042833,18.4597435,-36,13.6529998779,NULL,10omas,no hay a la vista,1a5,1a5,1a5,10omas,10omas,6a9,2019-10-12T00:00:00Z,NULL,NULL,NULL,uuid:66ecfb29-74a7-4a43-8825-dfa961205edd,"mlt,jdmp",uuid:66ecfb29-74a7-4a43-8825-dfa961205edd,"atun_tuna,aceite",uuid:66ecfb29-74a7-4a43-8825-dfa961205edd,despejado,uuid:66ecfb29-74a7-4a43-8825-dfa961205edd,hierba,uuid:66ecfb29-74a7-4a43-8825-dfa961205edd,no_aplica,uid:jorge-mutonen|2019-08-27T17:32:44.138229Z,2019-11-24T16:57:16Z,2019-11-24T16:57:16Z,uuid:eaf317f3-aec8-4b8e-85ee-2459c414ae86,2019-11-22,"jdmp,otra","Dijael, Freddy, Jesús",uuid:eaf317f3-aec8-4b8e-85ee-2459c414ae86,solenopsisgeminata,"suelo, herbáceas, no edificado ni cubierto",1
H20191012m6,p28,uid:mangoland|2019-08-27T17:32:44.139596Z,2019-10-12T21:42:47Z,2019-10-12T21:42:47Z,uuid:1a0d1353-4f3d-42ba-8d06-65e62727a0a6,4.50 pm,5.42 pm,-69.91421963,18.46336212,-29,4.5509996414,Play softball puerta central,6a9,no hay a la vista,6a9,1a5,10omas,10omas,6a9,10omas,2019-10-12T00:00:00Z,NULL,Cesped recortado.,"Otras herbaceas que no es el pasto o cesped regular. Cesped recien recortado, pero queda en la base casi completo.",uuid:1a0d1353-4f3d-42ba-8d06-65e62727a0a6,"jdmp,mlt",uuid:1a0d1353-4f3d-42ba-8d06-65e62727a0a6,"atun_tuna,aceite",uuid:1a0d1353-4f3d-42ba-8d06-65e62727a0a6,despejado,uuid:1a0d1353-4f3d-42ba-8d06-65e62727a0a6,hierba,uuid:1a0d1353-4f3d-42ba-8d06-65e62727a0a6,no_aplica,uid:mangoland|2019-08-27T17:32:44.139596Z,2019-11-01T01:09:39Z,2019-11-01T01:09:39Z,uuid:6f164603-1113-460d-a850-75b5cf4284a0,2019-10-12,"mlt,otra",Diyael Sosa,uuid:6f164603-1113-460d-a850-75b5cf4284a0,"brachymyrmexsp,dorymyrmexantillana,solenopsisgeminata","suelo, herbáceas, no edificado ni cubierto",3
H20191013m8,p8,uid:mangoland|2019-08-27T17:32:44.139596Z,2019-10-17T23:20:55Z,2019-10-17T23:20:55Z,uuid:1819a611-a5a3-4a97-863a-42e525941ce7,9.20 am,9.56 am,-69.91517622,18.46456688,-14,4.5509996414,Detras Deportes (Quadrat #8),1a5,no hay a la vista,1a5,1a5,0,0,1a5,1a5,2019-10-13T00:00:00Z,NULL,NULL,Fila de Grigri al borde acera calle,uuid:1819a611-a5a3-4a97-863a-42e525941ce7,"mlt,jdmp",uuid:1819a611-a5a3-4a97-863a-42e525941ce7,"atun_tuna,aceite",uuid:1819a611-a5a3-4a97-863a-42e525941ce7,despejado,uuid:1819a611-a5a3-4a97-863a-42e525941ce7,cemento_pavimento,uuid:1819a611-a5a3-4a97-863a-42e525941ce7,hojarasca,uid:mangoland|2019-08-27T17:32:44.139596Z,2019-11-01T02:33:55Z,2019-11-01T02:33:55Z,uuid:bc9ed3ac-c522-4907-a049-011e5e20b0b9,2019-10-15,"mlt,otra",Diyael Sosa,uuid:bc9ed3ac-c522-4907-a049-011e5e20b0b9,"dorymyrmexantillana,paratrechinalongicornis","pavimentado, acerado (bordes edificios, bancos, postes)",2
H20191012m2,p107,uid:mangoland|2019-08-27T17:32:44.139596Z,2019-10-12T15:57:43Z,2019-10-12T15:57:43Z,uuid:47e09a24-48ca-4b38-bc49-a8772474919f,11.08 am,11.47 pm,-69.91790061,18.46012622,-17,4.5509996414,Parqueo Profesores (detras CM),no hay a la vista,no hay a la vista,6a9,0,1a5,1a5,no_aplica,no_aplica,2019-10-12T00:00:00Z,NULL,"Pocos transeúntes. Área de reposo estudiantes (sombra). Solenopsis en 2 cebos próximos a vegetación. Asistió Diyael Sosa. Solo en 2 cebos no hubieron hormigas, y en las demas Dorimirmex.","Algunas en los bordes del pasto, pero siempre a más de 2 metros de los cebos.",uuid:47e09a24-48ca-4b38-bc49-a8772474919f,mlt,uuid:47e09a24-48ca-4b38-bc49-a8772474919f,atun_tuna,uuid:47e09a24-48ca-4b38-bc49-a8772474919f,despejado,uuid:47e09a24-48ca-4b38-bc49-a8772474919f,cemento_pavimento,uuid:47e09a24-48ca-4b38-bc49-a8772474919f,no_aplica,uid:mangoland|2019-08-27T17:32:44.139596Z,2019-11-01T01:09:38Z,2019-11-01T01:09:38Z,uuid:fd53295f-ab64-4e52-b3be-3593b2d5e97d,2019-10-12,"mlt,otra",Diyael Sosa,uuid:fd53295f-ab64-4e52-b3be-3593b2d5e97d,"dorymyrmexantillana,monomoriumpharaonis","suelo, herbáceas, no edificado ni cubierto",2
H20191013m9,p140,uid:mangoland|2019-08-27T17:32:44.139596Z,2019-10-17T23:20:57Z,2019-10-17T23:20:57Z,uuid:22c11ddf-3e2e-4924-b0d0-e86d0bd1736e,10.09 am,10.42 am,-69.92189108,18.46007085,-23,4.5509996414,Detras Torre Amd - Q140,1a5,no hay a la vista,1a5,0,0,0,0,0,2019-10-13T00:00:00Z,NULL,Muy soleado,No,uuid:22c11ddf-3e2e-4924-b0d0-e86d0bd1736e,"mlt,jdmp",uuid:22c11ddf-3e2e-4924-b0d0-e86d0bd1736e,"atun_tuna,aceite",uuid:22c11ddf-3e2e-4924-b0d0-e86d0bd1736e,despejado,uuid:22c11ddf-3e2e-4924-b0d0-e86d0bd1736e,cemento_pavimento,uuid:22c11ddf-3e2e-4924-b0d0-e86d0bd1736e,no_aplica,NA,NA,NA,NA,NA,NA,NA,NA,NA,"pavimentado, acerado (bordes edificios, bancos, postes)",NA
H20191012m7,p178,uid:mangoland|2019-08-27T17:32:44.139596Z,2019-10-12T22:41:01Z,2019-10-12T22:41:01Z,uuid:ea2aa915-199a-4417-b39c-38b3784929ce,6.00 pm,6.40 pm,-69.92001633,18.45882576,-18,6.0679998398,Entrada Peatonal,no hay a la vista,no hay a la vista,1a5,0,6a9,10omas,1a5,no_aplica,2019-10-12T00:00:00Z,NULL,NULL,Ningua. Areas de cesped y ornamentales en márgenes.,uuid:ea2aa915-199a-4417-b39c-38b3784929ce,"mlt,jdmp",uuid:ea2aa915-199a-4417-b39c-38b3784929ce,"atun_tuna,aceite",uuid:ea2aa915-199a-4417-b39c-38b3784929ce,despejado,uuid:ea2aa915-199a-4417-b39c-38b3784929ce,cemento_pavimento,uuid:ea2aa915-199a-4417-b39c-38b3784929ce,no_aplica,uid:mangoland|2019-08-27T17:32:44.139596Z,2019-11-01T01:09:39Z,2019-11-01T01:09:39Z,uuid:a6c7b0cf-844d-4ca1-894e-81e6707c6bfb,2019-10-12,"mlt,otra",Diyael Sosa,uuid:a6c7b0cf-844d-4ca1-894e-81e6707c6bfb,"dorymyrmexantillana,paratrechinalongicornis","pavimentado, acerado (bordes edificios, bancos, postes)",2
H20191012m4,p104,uid:mangoland|2019-08-27T17:32:44.139596Z,2019-10-12T18:00:25Z,2019-10-12T18:00:25Z,uuid:28523054-90e8-4a52-b4ec-d9281e60c745,1.05 pm,1.38 pm,-69.92055858,18.4609699,-7,4.5509996414,Frente Torre Adm,10omas,no hay a la vista,1a5,1a5,0,0,0,0,2019-10-12T00:00:00Z,NULL,Area desprovista vegetación. Horario meridiano (1 pm) muy soleado. Ninguna hormiga registrada.,"Pocos arbustos (foto) en áreas específicas, con una palma (MacArthur?) en el centro.",uuid:28523054-90e8-4a52-b4ec-d9281e60c745,"mlt,jdmp",uuid:28523054-90e8-4a52-b4ec-d9281e60c745,"atun_tuna,aceite",uuid:28523054-90e8-4a52-b4ec-d9281e60c745,despejado,uuid:28523054-90e8-4a52-b4ec-d9281e60c745,cemento_pavimento,uuid:28523054-90e8-4a52-b4ec-d9281e60c745,no_aplica,NA,NA,NA,NA,NA,NA,NA,NA,NA,"pavimentado, acerado (bordes edificios, bancos, postes)",NA
H20191013m11,p156,uid:mangoland|2019-08-27T17:32:44.139596Z,2019-10-17T23:21:02Z,2019-10-17T23:21:02Z,uuid:9d5fbaa0-b038-4417-9f1e-735c244a6c92,12.45 pm,1.20 pm,-69.92097446,18.45957809,-9,4.5509996414,Salida puerta Torre Adm - Q156,10omas,no hay a la vista,1a5,0,0,0,0,0,2019-10-13T00:00:00Z,NULL,Ninguna hormiga. Muy soleado y expuesto.,Arbustos cerca con palma real,uuid:9d5fbaa0-b038-4417-9f1e-735c244a6c92,"mlt,jdmp",uuid:9d5fbaa0-b038-4417-9f1e-735c244a6c92,"atun_tuna,aceite",uuid:9d5fbaa0-b038-4417-9f1e-735c244a6c92,despejado,uuid:9d5fbaa0-b038-4417-9f1e-735c244a6c92,cemento_pavimento,uuid:9d5fbaa0-b038-4417-9f1e-735c244a6c92,no_aplica,NA,NA,NA,NA,NA,NA,NA,NA,NA,"pavimentado, acerado (bordes edificios, bancos, postes)",NA
H20191012m5,p16,uid:mangoland|2019-08-27T17:32:44.139596Z,2019-10-12T20:24:29Z,2019-10-12T20:24:29Z,uuid:9f00b937-5961-4f0f-aa1e-2cc20ad242bf,3.19 pm,4.20 pm,-69.91507305,18.46405673,-17,4.5509996414,Al lado Play Baseball,10omas,no hay a la vista,1a5,0,10omas,10omas,1a5,10omas,2019-10-12T00:00:00Z,NULL,Muchas hormigas. Hasta ahora mayor diversidad y densidad observada (sin analizar en lupa aún).,NULL,uuid:9f00b937-5961-4f0f-aa1e-2cc20ad242bf,"mlt,jdmp",uuid:9f00b937-5961-4f0f-aa1e-2cc20ad242bf,"atun_tuna,aceite",uuid:9f00b937-5961-4f0f-aa1e-2cc20ad242bf,despejado,uuid:9f00b937-5961-4f0f-aa1e-2cc20ad242bf,hierba,uuid:9f00b937-5961-4f0f-aa1e-2cc20ad242bf,no_aplica,uid:mangoland|2019-08-27T17:32:44.139596Z,2019-11-01T01:09:39Z,2019-11-01T01:09:39Z,uuid:37554158-d070-4458-a13a-262bc1717267,2019-10-12,"mlt,otra",Diyael Sosa,uuid:37554158-d070-4458-a13a-262bc1717267,"brachymyrmexsp,dorymyrmexantillana,pheidolejelskii,pheidolesubarmata,solenopsisgeminata","suelo, herbáceas, no edificado ni cubierto",5
H20191012m3,p86,uid:mangoland|2019-08-27T17:32:44.139596Z,2019-10-17T23:21:10Z,2019-10-17T23:21:10Z,uuid:183bb4a9-1a86-451b-a9f4-7b2a5a916ccb,12.45 pm,1.33 pm,-69.92021,18.46128,0,0,Detras Ed. Economía,10omas,no hay a la vista,6a9,0,0,1a5,6a9,0,2019-10-12T00:00:00Z,NULL,"Brachymyrmex debajo cebos. Dorymyrmex solo en 3 cebos, linea mas proxima a sombra de arboles lejanos.",NULL,uuid:183bb4a9-1a86-451b-a9f4-7b2a5a916ccb,"mlt,jdmp",uuid:183bb4a9-1a86-451b-a9f4-7b2a5a916ccb,"atun_tuna,aceite",uuid:183bb4a9-1a86-451b-a9f4-7b2a5a916ccb,despejado,uuid:183bb4a9-1a86-451b-a9f4-7b2a5a916ccb,hierba,uuid:183bb4a9-1a86-451b-a9f4-7b2a5a916ccb,no_aplica,uid:mangoland|2019-08-27T17:32:44.139596Z,2019-11-01T01:09:38Z,2019-11-01T01:09:38Z,uuid:76381b03-d0a6-4dca-a47d-d8ba71ab5d2a,2019-10-12,"mlt,otra",Diyael Sosa,uuid:76381b03-d0a6-4dca-a47d-d8ba71ab5d2a,"brachymyrmexsp,dorymyrmexantillana","suelo, herbáceas, no edificado ni cubierto",2
H20191013m10,p122,uid:mangoland|2019-08-27T17:32:44.139596Z,2019-10-17T23:21:00Z,2019-10-17T23:21:00Z,uuid:ecea5762-bfc6-415b-9f4c-df704a90c51d,10.15 am,10.56 am,-69.9219455,18.46053551,-21,4.5509996414,Detras Torre Adm - Q122,10omas,no hay a la vista,1a5,0,1a5,6a9,6a9,0,2019-10-13T00:00:00Z,NULL,NULL,"Cesped, y arbustos borde.",uuid:ecea5762-bfc6-415b-9f4c-df704a90c51d,"mlt,jdmp",uuid:ecea5762-bfc6-415b-9f4c-df704a90c51d,"atun_tuna,aceite",uuid:ecea5762-bfc6-415b-9f4c-df704a90c51d,despejado,uuid:ecea5762-bfc6-415b-9f4c-df704a90c51d,hierba,uuid:ecea5762-bfc6-415b-9f4c-df704a90c51d,no_aplica,uid:mangoland|2019-08-27T17:32:44.139596Z,2019-11-01T02:33:56Z,2019-11-01T02:33:56Z,uuid:61427a1f-6fd4-433c-a898-94ce7d88afb8,2019-10-15,"mlt,otra",Diyael Sosa,uuid:61427a1f-6fd4-433c-a898-94ce7d88afb8,"brachymyrmexheeri,dorymyrmexantillana","suelo, herbáceas, no edificado ni cubierto",2
H20190914m1,p148,uid:mangoland|2019-08-27T17:32:44.139596Z,2019-10-17T23:21:09Z,2019-10-17T23:21:09Z,uuid:404a16ec-addb-4759-baa0-c12e3576f31d,4.55 pm,5.32 pm,-69.91789,18.46009,0,0,Parqueo Prof. Detrás Economato,10omas,no hay a la vista,1a5,6a9,0,0,1a5,0,2019-09-14T00:00:00Z,Juda Martínez,"Se observaron aprox. 15 hormigas en total, de las cuales 8 fueron capturadas.","No. Ornamentales al borde (mas de 1 m en un extremo, con muros de cemento).",uuid:404a16ec-addb-4759-baa0-c12e3576f31d,"mlt,otras",uuid:404a16ec-addb-4759-baa0-c12e3576f31d,"atun_tuna,aceite",uuid:404a16ec-addb-4759-baa0-c12e3576f31d,despejado,uuid:404a16ec-addb-4759-baa0-c12e3576f31d,cemento_pavimento,uuid:404a16ec-addb-4759-baa0-c12e3576f31d,no_aplica,uid:mangoland|2019-08-27T17:32:44.139596Z,2019-11-01T01:09:37Z,2019-11-01T01:09:37Z,uuid:a69d441b-b97f-43cf-81b6-98bf15b72546,2019-09-14,"mlt,otra","Juda Martínez, Diyael Sosa",uuid:a69d441b-b97f-43cf-81b6-98bf15b72546,"dorymyrmexantillana,paratrechinalongicornis","pavimentado, acerado (bordes edificios, bancos, postes)",2
